config,tile,threshold,IoU,tatort_px
v19,malmo_1970_00000_00000.tif,0.5,0.0,56335
v19,malmo_1970_00000_00000.tif,0.6,0.0,56335
v19,malmo_1970_00000_00500.tif,0.5,0.13682564503517303,241075
v19,malmo_1970_00000_00500.tif,0.6,0.12844036697246528,241075
v19,malmo_1970_00000_01000.tif,0.5,0.4615328732292034,503152
v19,malmo_1970_00000_01000.tif,0.6,0.4654340632972128,503152
v19,malmo_1970_00500_00000.tif,0.5,0.5932811047669593,468401
v19,malmo_1970_00500_00000.tif,0.6,0.5967697213364717,468401
v19,malmo_1970_00500_00500.tif,0.5,0.5572351027548719,740786
v19,malmo_1970_00500_00500.tif,0.6,0.5576311810148843,740786
v19,malmo_1970_00500_01000.tif,0.5,0.5931608293050797,934500
v19,malmo_1970_00500_01000.tif,0.6,0.5861808806918611,934500
v19,malmo_1970_01000_00000.tif,0.5,0.5696822588427956,912066
v19,malmo_1970_01000_00000.tif,0.6,0.5761570005858222,912066
v19,malmo_1970_01000_00500.tif,0.5,0.5987309962253131,999711
v19,malmo_1970_01000_00500.tif,0.6,0.5873572929529254,999711
v19,malmo_1970_01000_01000.tif,0.5,0.5855492859155048,1000000
v19,malmo_1970_01000_01000.tif,0.6,0.5627280448144124,1000000
swiss80_eq_05m,malmo_1970_00000_00000.tif,0.5,0.0,56335
swiss80_eq_05m,malmo_1970_00000_00000.tif,0.6,0.0,56335
swiss80_eq_05m,malmo_1970_00000_00500.tif,0.5,0.008804077678082443,241075
swiss80_eq_05m,malmo_1970_00000_00500.tif,0.6,0.008842785477425352,241075
swiss80_eq_05m,malmo_1970_00000_01000.tif,0.5,0.4422052834916977,503152
swiss80_eq_05m,malmo_1970_00000_01000.tif,0.6,0.4424931851541192,503152
swiss80_eq_05m,malmo_1970_00500_00000.tif,0.5,0.1334419817470662,468401
swiss80_eq_05m,malmo_1970_00500_00000.tif,0.6,0.13393599789869953,468401
swiss80_eq_05m,malmo_1970_00500_00500.tif,0.5,0.43594233437455915,740786
swiss80_eq_05m,malmo_1970_00500_00500.tif,0.6,0.4368361464090453,740786
swiss80_eq_05m,malmo_1970_00500_01000.tif,0.5,0.5624975061647605,934500
swiss80_eq_05m,malmo_1970_00500_01000.tif,0.6,0.5624725138530179,934500
swiss80_eq_05m,malmo_1970_01000_00000.tif,0.5,0.42564778408286363,912066
swiss80_eq_05m,malmo_1970_01000_00000.tif,0.6,0.4271776545131652,912066
swiss80_eq_05m,malmo_1970_01000_00500.tif,0.5,0.5998171700318701,999711
swiss80_eq_05m,malmo_1970_01000_00500.tif,0.6,0.6000760939760602,999711
swiss80_eq_05m,malmo_1970_01000_01000.tif,0.5,0.5583585987608052,1000000
swiss80_eq_05m,malmo_1970_01000_01000.tif,0.6,0.5580572907463802,1000000
swiss46_eq_05m,malmo_1970_00000_00000.tif,0.5,0.0,56335
swiss46_eq_05m,malmo_1970_00000_00000.tif,0.6,0.0,56335
swiss46_eq_05m,malmo_1970_00000_00500.tif,0.5,0.09590409590409112,241075
swiss46_eq_05m,malmo_1970_00000_00500.tif,0.6,0.0972151898734128,241075
swiss46_eq_05m,malmo_1970_00000_01000.tif,0.5,0.5725729669391623,503152
swiss46_eq_05m,malmo_1970_00000_01000.tif,0.6,0.5727461378833276,503152
swiss46_eq_05m,malmo_1970_00500_00000.tif,0.5,0.5789833755216489,468401
swiss46_eq_05m,malmo_1970_00500_00000.tif,0.6,0.5805297557619499,468401
swiss46_eq_05m,malmo_1970_00500_00500.tif,0.5,0.6217600599244328,740786
swiss46_eq_05m,malmo_1970_00500_00500.tif,0.6,0.6216538695243875,740786
swiss46_eq_05m,malmo_1970_00500_01000.tif,0.5,0.6290790911897469,934500
swiss46_eq_05m,malmo_1970_00500_01000.tif,0.6,0.6286979465028661,934500
swiss46_eq_05m,malmo_1970_01000_00000.tif,0.5,0.6536194944558977,912066
swiss46_eq_05m,malmo_1970_01000_00000.tif,0.6,0.6524641409289972,912066
swiss46_eq_05m,malmo_1970_01000_00500.tif,0.5,0.6194633797117687,999711
swiss46_eq_05m,malmo_1970_01000_00500.tif,0.6,0.618705372698102,999711
swiss46_eq_05m,malmo_1970_01000_01000.tif,0.5,0.6238141960457518,1000000
swiss46_eq_05m,malmo_1970_01000_01000.tif,0.6,0.6232749376256242,1000000
swiss80_eq_1m,malmo_1970_00000_00000.tif,0.5,0.0,56335
swiss80_eq_1m,malmo_1970_00000_00000.tif,0.6,0.0,56335
swiss80_eq_1m,malmo_1970_00000_00500.tif,0.5,0.026480500722194836,241075
swiss80_eq_1m,malmo_1970_00000_00500.tif,0.6,0.026711996114618098,241075
swiss80_eq_1m,malmo_1970_00000_01000.tif,0.5,0.24379114000726795,503152
swiss80_eq_1m,malmo_1970_00000_01000.tif,0.6,0.24111151559276692,503152
swiss80_eq_1m,malmo_1970_00500_00000.tif,0.5,0.1615894936366087,468401
swiss80_eq_1m,malmo_1970_00500_00000.tif,0.6,0.1571253739461507,468401
swiss80_eq_1m,malmo_1970_00500_00500.tif,0.5,0.5748880921569037,740786
swiss80_eq_1m,malmo_1970_00500_00500.tif,0.6,0.5746719411301808,740786
swiss80_eq_1m,malmo_1970_00500_01000.tif,0.5,0.5718295128346931,934500
swiss80_eq_1m,malmo_1970_00500_01000.tif,0.6,0.5716250951659465,934500
swiss80_eq_1m,malmo_1970_01000_00000.tif,0.5,0.46953851552903936,912066
swiss80_eq_1m,malmo_1970_01000_00000.tif,0.6,0.46738251731046276,912066
swiss80_eq_1m,malmo_1970_01000_00500.tif,0.5,0.5875180515583229,999711
swiss80_eq_1m,malmo_1970_01000_00500.tif,0.6,0.587236969768528,999711
swiss80_eq_1m,malmo_1970_01000_01000.tif,0.5,0.5731763094556732,1000000
swiss80_eq_1m,malmo_1970_01000_01000.tif,0.6,0.573048963171158,1000000
swiss46_eq_1m,malmo_1970_00000_00000.tif,0.5,0.0,56335
swiss46_eq_1m,malmo_1970_00000_00000.tif,0.6,0.0,56335
swiss46_eq_1m,malmo_1970_00000_00500.tif,0.5,0.09490196078430628,241075
swiss46_eq_1m,malmo_1970_00000_00500.tif,0.6,0.09610802223986528,241075
swiss46_eq_1m,malmo_1970_00000_01000.tif,0.5,0.48541114058355267,503152
swiss46_eq_1m,malmo_1970_00000_01000.tif,0.6,0.48123628251717887,503152
swiss46_eq_1m,malmo_1970_00500_00000.tif,0.5,0.5938694202780666,468401
swiss46_eq_1m,malmo_1970_00500_00000.tif,0.6,0.5924838998940198,468401
swiss46_eq_1m,malmo_1970_00500_00500.tif,0.5,0.5859078524861333,740786
swiss46_eq_1m,malmo_1970_00500_00500.tif,0.6,0.5831604890071002,740786
swiss46_eq_1m,malmo_1970_00500_01000.tif,0.5,0.6242130815792659,934500
swiss46_eq_1m,malmo_1970_00500_01000.tif,0.6,0.6224945322976948,934500
swiss46_eq_1m,malmo_1970_01000_00000.tif,0.5,0.6558490180729031,912066
swiss46_eq_1m,malmo_1970_01000_00000.tif,0.6,0.6548338626506836,912066
swiss46_eq_1m,malmo_1970_01000_00500.tif,0.5,0.6003458368075566,999711
swiss46_eq_1m,malmo_1970_01000_00500.tif,0.6,0.5985915492957744,999711
swiss46_eq_1m,malmo_1970_01000_01000.tif,0.5,0.6237953430329842,1000000
swiss46_eq_1m,malmo_1970_01000_01000.tif,0.6,0.6220502461091983,1000000
swiss80_le_05m,malmo_1970_00000_00000.tif,0.5,0.0,56335
swiss80_le_05m,malmo_1970_00000_00000.tif,0.6,0.0,56335
swiss80_le_05m,malmo_1970_00000_00500.tif,0.5,0.010479041916166096,241075
swiss80_le_05m,malmo_1970_00000_00500.tif,0.6,0.0105580693815972,241075
swiss80_le_05m,malmo_1970_00000_01000.tif,0.5,0.5148479169669868,503152
swiss80_le_05m,malmo_1970_00000_01000.tif,0.6,0.5142238267147996,503152
swiss80_le_05m,malmo_1970_00500_00000.tif,0.5,0.6457156886815563,468401
swiss80_le_05m,malmo_1970_00500_00000.tif,0.6,0.6452326343381336,468401
swiss80_le_05m,malmo_1970_00500_00500.tif,0.5,0.574159187296577,740786
swiss80_le_05m,malmo_1970_00500_00500.tif,0.6,0.5743193197641685,740786
swiss80_le_05m,malmo_1970_00500_01000.tif,0.5,0.5527804062231805,934500
swiss80_le_05m,malmo_1970_00500_01000.tif,0.6,0.5527921112070071,934500
swiss80_le_05m,malmo_1970_01000_00000.tif,0.5,0.5232768816527837,912066
swiss80_le_05m,malmo_1970_01000_00000.tif,0.6,0.5236390677976777,912066
swiss80_le_05m,malmo_1970_01000_00500.tif,0.5,0.5484565299277141,999711
swiss80_le_05m,malmo_1970_01000_00500.tif,0.6,0.5486524491327063,999711
swiss80_le_05m,malmo_1970_01000_01000.tif,0.5,0.530241769944092,1000000
swiss80_le_05m,malmo_1970_01000_01000.tif,0.6,0.5300224844578053,1000000
