bench,config,threshold,TP,FP,FN,TN,IoU,Precision,Recall,F1,AreaRatio
malmo,v19,0.3,651366,329885,136765,4738010,0.5826088356517259,0.6638118075803234,0.8264692037237463,0.7362638480060184,1.2450354065504337
malmo,v19,0.35,635344,298977,152787,4768918,0.5844350331337824,0.6800061220929423,0.8061400959992691,0.7377204124785467,1.185489468121416
malmo,v19,0.4,619921,272267,168210,4795628,0.5846116269551621,0.694832255085251,0.7865710142095665,0.7378610846608924,1.132030081293592
malmo,v19,0.45,604398,247990,183733,4819905,0.5833276229320706,0.7090644166740967,0.7668750499599685,0.7368375495304228,1.0815308622551325
malmo,v19,0.5,588382,225535,199749,4842360,0.5804495760931114,0.722901720937147,0.746553555183085,0.7345372922159125,1.0327179111086862
malmo,v19,0.55,571442,204254,216689,4863641,0.5758269220111145,0.7366829273323569,0.7250596664767658,0.7308250848219229,0.9842221661119787
malmo,v19,0.6,553338,183580,234793,4884315,0.5694470886920081,0.7508813735042432,0.7020888659372616,0.7256658638009883,0.9350196858136527
malmo,v19,0.65,533098,162982,255033,4904913,0.560499120504083,0.7658573727157797,0.6764078560543868,0.7183587777789511,0.8832034268414767
malmo,v19,0.7,510065,141898,278066,4925997,0.5484398873583511,0.7823526795232243,0.6471830190666271,0.7083773697610288,0.8272266920093232
malmo,v19,0.75,482880,120443,305251,4947452,0.5314701939522812,0.8003672991084376,0.612690022344001,0.6940653445472537,0.7655110635160904
malmo,v19,0.8,448778,97032,339353,4970863,0.5070004055750184,0.8222238507905679,0.5694205658703946,0.6728603438499182,0.6925371543563188
malmo,swiss80_eq_05m,0.3,600178,399036,187953,4668859,0.5055548208466037,0.6006501109872359,0.761520610152373,0.6715860675537623,1.267827302821485
malmo,swiss80_eq_05m,0.35,599451,397038,188680,4670857,0.5057936884950585,0.6015630880019749,0.7605981746689319,0.6717967970279304,1.2643697557893292
malmo,swiss80_eq_05m,0.4,598754,395161,189377,4672734,0.5060069703843176,0.6024197240206657,0.7597138039234593,0.671984898208063,1.2611038012716158
malmo,swiss80_eq_05m,0.45,598125,393394,190006,4674501,0.5062313535473223,0.6032410876644824,0.7589157132507158,0.6721827325104259,1.2580636975325166
malmo,swiss80_eq_05m,0.5,597460,391637,190671,4676258,0.5064216015352171,0.6040459125849132,0.7580719448924099,0.6723504243193753,1.2549906043538446
malmo,swiss80_eq_05m,0.55,596829,389859,191302,4678036,0.5066503111231844,0.6048811782447946,0.7572713165704685,0.6725519615872771,1.2519340058949588
malmo,swiss80_eq_05m,0.6,596145,388128,191986,4679767,0.5068144005699425,0.6056703780353621,0.7564034405447824,0.6726965183516088,1.2488697944884795
malmo,swiss80_eq_05m,0.65,595437,386310,192694,4681585,0.5069960943121026,0.606507582910872,0.7555051127287213,0.6728565471250362,1.245664743551516
malmo,swiss80_eq_05m,0.7,594686,384385,193445,4683510,0.5071879616141699,0.6073982377171828,0.7545522254549052,0.6730254944894082,1.242269368924709
malmo,swiss80_eq_05m,0.75,593867,382264,194264,4685631,0.5074073282951482,0.6083886281656867,0.75351305810836,0.6732186035366563,1.2385390246037775
malmo,swiss80_eq_05m,0.8,592948,379688,195183,4688207,0.5077396411601456,0.6096299129376251,0.7523470083019193,0.6735110323585848,1.2341044826304255
malmo,swiss46_eq_05m,0.3,629230,221280,158901,4846615,0.6233635258581489,0.739826692219962,0.7983825024012504,0.7679900600059356,1.0791480096582926
malmo,swiss46_eq_05m,0.35,628144,219771,159987,4848124,0.6232193209260424,0.7408101047864466,0.7970045588867839,0.7678806096639744,1.0758554098240012
malmo,swiss46_eq_05m,0.4,627124,218409,161007,4849486,0.6230492578536372,0.7416907441814807,0.7957103577958485,0.7677515082161432,1.0728330696292874
malmo,swiss46_eq_05m,0.45,626119,217108,162012,4850787,0.6228558581591044,0.7425272198352282,0.7944351890738975,0.7676046581550617,1.0699071601040941
malmo,swiss46_eq_05m,0.5,625060,215881,163071,4852014,0.6225622801321099,0.7432863898894214,0.7930915038236028,0.7673816749159225,1.0670066270708802
malmo,swiss46_eq_05m,0.55,624079,214633,164052,4853262,0.622358800276037,0.7440921317448659,0.7918467868920267,0.7672270771787667,1.0641784170398068
malmo,swiss46_eq_05m,0.6,623012,213349,165119,4854546,0.6220913048687942,0.7449080002534789,0.7904929510449403,0.7670237833851116,1.0611954104076604
malmo,swiss46_eq_05m,0.65,621922,212024,166209,4855871,0.6218256170293603,0.7457581186311822,0.789109932232078,0.7668217969424145,1.058131199001181
malmo,swiss46_eq_05m,0.7,620795,210565,167336,4857330,0.6216055736680631,0.7467222382602,0.7876799669090544,0.7666544611356796,1.0548500185882803
malmo,swiss46_eq_05m,0.75,619485,208992,168646,4858903,0.6212724006968047,0.7477395268667687,0.7860178066844217,0.7664010074917481,1.0511919972694892
malmo,swiss46_eq_05m,0.8,618022,207192,170109,4860703,0.6209260712351669,0.7489233095899972,0.7841615162961486,0.7661374349065917,1.047051822603095
malmo,swiss80_eq_1m,0.3,589005,276739,199126,4791156,0.5531238554940978,0.6803454600898186,0.7473440329082347,0.7122726928682568,1.0984772835987924
malmo,swiss80_eq_1m,0.35,588036,275232,200095,4792663,0.5529964837971605,0.6811743282503231,0.7461145418718461,0.7121670776823776,1.0953356738917768
malmo,swiss80_eq_1m,0.4,587180,273848,200951,4794047,0.5529111215946831,0.6819522710062854,0.7450284280151395,0.7120962866028703,1.0924935067901147
malmo,swiss80_eq_1m,0.45,586336,272680,201795,4795215,0.5527242835905736,0.6825670301833725,0.7439575400536205,0.7119413142347314,1.0899406316970146
malmo,swiss80_eq_1m,0.5,585544,271504,202587,4796391,0.5525902787280526,0.6832102752704632,0.7429526309712471,0.7118301412295471,1.0874435848862687
malmo,swiss80_eq_1m,0.55,584681,270431,203450,4797464,0.5523351490040262,0.6837478599294594,0.7418576353423478,0.7116184276567582,1.0849871404626894
malmo,swiss80_eq_1m,0.6,583837,269131,204294,4798764,0.5522160070067779,0.6844770261017997,0.7407867473808287,0.7115195365532934,1.0822667805225272
malmo,swiss80_eq_1m,0.65,582877,267899,205254,4799996,0.5519511756294803,0.6851121799392553,0.7395686757658307,0.7112996649097076,1.079485517001615
malmo,swiss80_eq_1m,0.7,581878,266514,206253,4801381,0.5517287807745734,0.6858598383765994,0.7383011199914734,0.7111149674757303,1.0764606391577034
malmo,swiss80_eq_1m,0.75,580900,265000,207231,4802895,0.5515932965604469,0.686724199077905,0.7370602095336941,0.7110024227927134,1.0732987282571043
malmo,swiss80_eq_1m,0.8,579746,263242,208385,4804653,0.5514180029352095,0.6877274646851437,0.7355959859464987,0.7108567798661755,1.0696039110249436
malmo,swiss46_eq_1m,0.3,580372,154760,207759,4913135,0.6155239577003068,0.7894799845469928,0.7363902701454452,0.7620115501551135,0.9327535650799168
malmo,swiss46_eq_1m,0.35,578685,153023,209446,4914872,0.6148674924613824,0.7908687618558221,0.7342497630470061,0.7615082912888224,0.9284091096530905
malmo,swiss46_eq_1m,0.4,577090,151410,211041,4916485,0.6142254568986345,0.7921619766643787,0.7322259878116708,0.7610156985610115,0.9243387203396388
malmo,swiss46_eq_1m,0.45,575591,149821,212540,4918074,0.6136678636006959,0.7934677121415139,0.7303240197378353,0.7605875749314374,0.9204205899780619
malmo,swiss46_eq_1m,0.5,574015,148469,214116,4919426,0.6128710228486013,0.7945020235742244,0.7283243521698802,0.7599752418217824,0.916705471552318
malmo,swiss46_eq_1m,0.55,572279,147101,215852,4920794,0.6119112690754807,0.7955169729489281,0.7261216726660922,0.759236914307611,0.9127670399971577
malmo,swiss46_eq_1m,0.6,570546,145610,217585,4922285,0.6110323954929685,0.7966783773367813,0.723922799636101,0.7585600353688875,0.9086763494901227
malmo,swiss46_eq_1m,0.65,568839,144077,219292,4923818,0.6102060913444209,0.7979046619798124,0.7217569160456827,0.757922969717228,0.9045653577895044
malmo,swiss46_eq_1m,0.7,567034,142442,221097,4925453,0.6093385473251426,0.7992292903494972,0.7194666876445666,0.7572534048821393,0.9002006011690948
malmo,swiss46_eq_1m,0.75,565053,140759,223078,4927136,0.6083099182895714,0.8005715402968494,0.7169531461140343,0.7564585796951621,0.895551627838519
malmo,swiss46_eq_1m,0.8,562873,138551,225258,4929344,0.6074068558577806,0.8024718287369692,0.7141871084883096,0.7557599416777322,0.889984025498299
malmo,swiss80_le_05m,0.3,610299,335001,177832,4732894,0.5433902693539139,0.6456140907648364,0.7743623839184094,0.7041514775690759,1.199419893393357
malmo,swiss80_le_05m,0.35,609692,333885,178439,4734010,0.5433897555828081,0.6461497047935674,0.773592207386843,0.7041510462006944,1.1972337086093554
malmo,swiss80_le_05m,0.4,609168,332850,178963,4735045,0.5434240187835476,0.6466628026216059,0.7729273432969899,0.7041798133653094,1.1952556110595827
malmo,swiss80_le_05m,0.45,608666,331892,179465,4736003,0.5434406257728636,0.6471328721886369,0.7722903933483138,0.7041937560279712,1.1934031271451064
malmo,swiss80_le_05m,0.5,608124,330945,180007,4736950,0.5434161754876344,0.647581807087658,0.7716026904156795,0.7041732282968384,1.1915138473172606
malmo,swiss80_le_05m,0.55,607614,329999,180517,4737896,0.5434198170159105,0.6480434891581067,0.7709555898702118,0.704176285656714,1.1896664387011802
malmo,swiss80_le_05m,0.6,607096,329078,181035,4738817,0.5434041437188566,0.648486285669117,0.7702983387279525,0.7041631265434015,1.1878406001032822
malmo,swiss80_le_05m,0.65,606561,328052,181570,4739843,0.5434243309564829,0.648996964519004,0.7696195175675109,0.7041800754578077,1.1858599649043113
malmo,swiss80_le_05m,0.7,606002,327014,182129,4740881,0.5434288814459106,0.6495086900974902,0.7689102446166943,0.7041838959220521,1.1838336520197783
malmo,swiss80_le_05m,0.75,605342,325811,182789,4742084,0.5434232662023696,0.6500993929032071,0.7680728203813831,0.7041791815166258,1.1814698317919228
malmo,swiss80_le_05m,0.8,604608,324425,183523,4743470,0.5434405099608469,0.6507928136029613,0.7671415031257492,0.7041936587971327,1.1787799236421355
sth,v19,0.3,468004,234188,41747,3256061,0.6290892129596646,0.6664900767881148,0.918103152323389,0.7723201503213685,1.377519612516699
sth,v19,0.35,461705,214380,48046,3275869,0.6375987217782417,0.682909693307794,0.9057461388011008,0.7786995840418697,1.3263044113694722
sth,v19,0.4,455532,196724,54219,3293525,0.6447956403269753,0.6983944954128439,0.8936363047841003,0.7840434695684048,1.2795580587384818
sth,v19,0.45,448967,180635,60784,3309614,0.6503130132998061,0.7130965276476249,0.8807574678617598,0.7881086897069325,1.2351167530814062
sth,v19,0.5,442080,165662,67671,3324587,0.6545328561931736,0.7274139355186904,0.8672469499814613,0.79119958688292,1.192233070656065
sth,v19,0.55,434653,151220,75098,3339029,0.6575976858288789,0.7418894538577472,0.8526770913642149,0.7934346089036777,1.1493317325517751
sth,v19,0.6,426366,137161,83385,3353088,0.6590788237039967,0.756602611764831,0.8364201345362734,0.7945117667058028,1.1054946434631807
sth,v19,0.65,416547,123224,93204,3367025,0.6580781231486235,0.7717105957896958,0.8171577888027682,0.7937842179083112,1.058891498005889
sth,v19,0.7,404788,108600,104963,3381649,0.6546249621978454,0.7884640856428274,0.7940896633846719,0.7912668757117491,1.0071348560375553
sth,v19,0.75,390190,93645,119561,3396604,0.6466565903651995,0.8064526129775644,0.7654521521291766,0.7854176688785413,0.9491594915949157
sth,v19,0.8,370643,77569,139108,3412680,0.6310750527821288,0.8269368066896913,0.7271059791937631,0.7738148550124581,0.879276352572138
sth,swiss80_eq_05m,0.3,424910,325578,84841,3164671,0.5086738279169045,0.5661782733368155,0.8335638380307246,0.6743324083283307,1.472263909241963
sth,swiss80_eq_05m,0.35,424135,319560,85616,3170689,0.5114305730901917,0.5703077202347736,0.8320434878989936,0.6767503346291031,1.4589377951195777
sth,swiss80_eq_05m,0.4,423369,313836,86382,3176413,0.5140549814409406,0.5742893767676561,0.8305407934462118,0.6790440079198677,1.4462060888551467
sth,swiss80_eq_05m,0.45,422641,307607,87110,3182642,0.5170818662079528,0.5787636528960024,0.8291126451934374,0.6816795819512438,1.432558249027466
sth,swiss80_eq_05m,0.5,420287,291489,89464,3198760,0.5245457041585542,0.5904764982241603,0.8244947042771861,0.6881337865970986,1.3963209488554214
sth,swiss80_eq_05m,0.55,417359,273761,92392,3216488,0.5326772276621161,0.6038878921171431,0.8187507233924012,0.6950938110266015,1.3557992039250533
sth,swiss80_eq_05m,0.6,416541,267249,93210,3223000,0.536088803088803,0.6091650945465712,0.8171460183501355,0.6979919415768637,1.3414196342920364
sth,swiss80_eq_05m,0.65,415811,261428,93940,3228821,0.5391886967876458,0.6139797028818481,0.8157139466131501,0.700614158452752,1.3285682617591723
sth,swiss80_eq_05m,0.7,415096,255023,94655,3235226,0.5427694979170317,0.6194362493825722,0.8143113010077467,0.7036300608898406,1.3146006579683018
sth,swiss80_eq_05m,0.75,414208,247106,95543,3243143,0.5472737914824067,0.6263408910139509,0.8125692740180989,0.7074039442237855,1.2973275187297324
sth,swiss80_eq_05m,0.8,413205,238372,96546,3251877,0.5523222785557989,0.6341614268152497,0.8106016466863232,0.7116077455661102,1.2782260358488748
sth,swiss46_eq_05m,0.3,424630,139106,85121,3351143,0.6544277090329609,0.753242652589155,0.833014550241196,0.7911227615671742,1.1059046475632217
sth,swiss46_eq_05m,0.35,423637,137263,86114,3352986,0.6547570840816427,0.7552807987163486,0.8310665403304749,0.7913633854043843,1.1003411469521391
sth,swiss46_eq_05m,0.4,422726,135292,87025,3354957,0.6553454575896489,0.757549039636714,0.8292793932724014,0.7917929813908443,1.0946874062042053
sth,swiss46_eq_05m,0.45,421823,133167,87928,3357082,0.6561069996484776,0.7600551361285788,0.8275079401511717,0.7923485617129978,1.0887472511088745
sth,swiss46_eq_05m,0.5,419803,128599,89948,3361650,0.6576376595911333,0.7655023139959372,0.8235452210981438,0.7934637051042361,1.0758232941181085
sth,swiss46_eq_05m,0.55,418089,125684,91662,3364565,0.657957147465909,0.768866788163443,0.8201827951293865,0.7936962043079973,1.0667423899119373
sth,swiss46_eq_05m,0.6,417131,123988,92620,3366261,0.6582062962828545,0.7708674062452066,0.8183034461923565,0.7938774538691781,1.061535926364048
sth,swiss46_eq_05m,0.65,416264,122430,93487,3367819,0.6584569925385292,0.7727281165188399,0.8166026157869233,0.7940597741871225,1.0567787017583092
sth,swiss46_eq_05m,0.7,415354,120791,94397,3369458,0.658725350571413,0.7747046041649179,0.8148174304709552,0.7942548780641081,1.0517782211314934
sth,swiss46_eq_05m,0.75,414127,118444,95624,3371805,0.6592331998822021,0.7775996064374514,0.8124103729075567,0.7946239261455758,1.0447669548465817
sth,swiss46_eq_05m,0.8,412701,116052,97050,3374197,0.6594743074098397,0.7805175573471922,0.8096129286651716,0.7947990570552371,1.037277023487938
sth,swiss80_eq_1m,0.3,437453,179835,72298,3310414,0.634370477358879,0.7086692111299748,0.8581699692595011,0.7762872446686946,1.21095986079478
sth,swiss80_eq_1m,0.35,437124,179044,72627,3311205,0.6346213314556579,0.7094234040066993,0.8575245561068049,0.776475039451512,1.2087627096366655
sth,swiss80_eq_1m,0.4,436841,178279,72910,3311970,0.6349156286789819,0.7101719989595525,0.8569693830909599,0.7766952832318105,1.206706803910144
sth,swiss80_eq_1m,0.45,436519,177433,73232,3312816,0.6352287014831544,0.7109985796935264,0.856337702133002,0.776929491106011,1.2044154891309675
sth,swiss80_eq_1m,0.5,436200,176736,73551,3313513,0.6354089735129724,0.7116566819374289,0.8557119064013605,0.7770643108402785,1.2024223591518208
sth,swiss80_eq_1m,0.55,435962,176086,73789,3314163,0.6356641592681642,0.7123003424568006,0.8552450117802611,0.7772551053659132,1.200680332162173
sth,swiss80_eq_1m,0.6,435655,175377,74096,3314872,0.6358738805011617,0.7129822987994081,0.8546427569538851,0.7774118629069305,1.1986872021830264
sth,swiss80_eq_1m,0.65,435351,174581,74400,3315668,0.6361692862528713,0.7137697317077968,0.8540463873538255,0.7776325977481696,1.1965292858670211
sth,swiss80_eq_1m,0.7,435050,173686,74701,3316563,0.6365619654774324,0.7146776270830046,0.8534559029800822,0.7779258944847043,1.1941830423088917
sth,swiss80_eq_1m,0.75,434693,172879,75058,3317370,0.6367915268886511,0.7154592377528917,0.8527555610484333,0.7780972914229475,1.191899574498137
sth,swiss80_eq_1m,0.8,434252,171892,75499,3318357,0.63706661698279,0.7164172209903916,0.8518904327799257,0.7783026180282387,1.1890982067715412
sth,swiss46_eq_1m,0.3,408597,89771,101154,3400478,0.6815379585736635,0.8198700558623345,0.8015619390643666,0.8106126359582552,0.9776694896135562
sth,swiss46_eq_1m,0.35,407707,88901,102044,3401348,0.6810417404435297,0.8209835524196145,0.7998159885905077,0.8102615467737562,0.9742168235079478
sth,swiss46_eq_1m,0.4,406792,88064,102959,3402185,0.6804646922542926,0.822041159448405,0.7980209945640124,0.8098530071458594,0.970779851339183
sth,swiss46_eq_1m,0.45,405910,87122,103841,3403127,0.6800609174816081,0.82329341706015,0.7962907380269973,0.8095669750582873,0.9672016337388252
sth,swiss46_eq_1m,0.5,405078,86302,104673,3403947,0.6796006395404434,0.8243681061500263,0.7946585685952552,0.809240748663222,0.9639608357806064
sth,swiss46_eq_1m,0.55,404187,85505,105564,3404744,0.679013735266843,0.8253902452970436,0.7929106563792909,0.808824515205017,0.9606494151065911
sth,swiss46_eq_1m,0.6,403203,84645,106548,3405604,0.678340702158157,0.8264930880110196,0.7909803021475189,0.8083468407147,0.957031962664124
sth,swiss46_eq_1m,0.65,402296,83888,107455,3406361,0.6776778479850547,0.8274562716996032,0.7892010020578673,0.8078760159550884,0.9537676238006397
sth,swiss46_eq_1m,0.7,401343,82977,108408,3407272,0.6771115925011134,0.8286731912784934,0.7873314618313646,0.8074735103934516,0.9501109365160635
sth,swiss46_eq_1m,0.75,400190,82006,109561,3408243,0.6762742139087495,0.8299322267293796,0.7850695731837699,0.8068777867672777,0.9459441962840679
sth,swiss46_eq_1m,0.8,398772,80896,110979,3409353,0.6751443755745816,0.8313500170951573,0.7822878228782286,0.8060730589877237,0.9409849122414667
sth,swiss80_le_05m,0.3,446769,385414,62982,3104835,0.4990912289913032,0.5368638869094898,0.8764455587139601,0.6658583804693649,1.632528430547463
sth,swiss80_le_05m,0.35,446453,383272,63298,3106977,0.49993449216873465,0.538073458073458,0.875825648208635,0.6666084348930834,1.627706468452244
sth,swiss80_le_05m,0.4,446215,381046,63536,3109203,0.5009165949144417,0.5393884155061098,0.8753587535875357,0.6674809200941497,1.6228727359043922
sth,swiss80_le_05m,0.45,445946,377902,63805,3112347,0.5023877573781645,0.54129645274371,0.8748310449611671,0.6687857443931937,1.6161773100984596
sth,swiss80_le_05m,0.5,444846,366248,64905,3124001,0.5078156481913791,0.5484518440526005,0.8726731286451619,0.673577898949078,1.591157251285431
sth,swiss80_le_05m,0.55,443332,354625,66419,3135624,0.5128925375068256,0.5555838221859072,0.8697030510974965,0.6780290400745352,1.5653858452460119
sth,swiss80_le_05m,0.6,442936,351700,66815,3138549,0.514174340734412,0.557407416729169,0.8689262012237345,0.6791481362033596,1.5588708997137815
sth,swiss80_le_05m,0.65,442508,348669,67243,3141580,0.5154912513687938,0.5593034175664863,0.8680865756025979,0.680295911793733,1.5520852337709976
sth,swiss80_le_05m,0.7,442031,345273,67720,3144976,0.5169808098953946,0.5614489447532337,0.8671508246182938,0.6815917597465927,1.5444874065965537
sth,swiss80_le_05m,0.75,441530,342092,68221,3148157,0.5183232121412044,0.5634476826837428,0.8661679918234587,0.6827574102275452,1.5372642721642524
sth,swiss80_le_05m,0.8,441101,338397,68650,3151852,0.5200755056900446,0.5658782960315484,0.8653264044602167,0.6842758845951087,1.529174047721338
